1,kair make app,1691616907
2,just kidding,1691616907
3,java > dart,1691616907
1,kair make app,1691616907
1,kair make app,1691616907
1,kair make app,1691616907
1,kair make app,1691616907
1,kair make app,1691616907
1,kair make app,1691616907
1,kair make app,1691616907
1,kair make app,1691616907
1,kair make app,1691616907
1,kair make app,1691616907
1,kair make app,1691616907
1,kair make app,1691616907
1,kair make app,1691616907
1,kair make app,1691616907
1,kair make app,1691616907
1,kair make app,1691616907
1,kair make app,1691616907
1,kair make app,1691616907
1,kair make app,1691616907
1,kair make app,1691616907
1,kair make app,1691616907
